States,Position
INIT, -1, 4, 0
prey in sight, -4, 4, 0
,,
Actions,Position
go to prey, -4, -5, 0
strike, -8, 0, 0
go to search, 7, -5, 0
go to elsewhere, -1, -5, 0
go to blue trace, 3, -5, 0
,,
Operators,Position
V[]aggV*, -4, -6, 0
VgetRT, -4, -7, 0
getClosestEnemy_macro, -3, -7, 0
RgetR[]S, -8, -2, 0
V[]aggV*, 7, -6, 0
VgetRT, 7, -7, 0
V[]aggV*, -1, -6, 0
VrandCircleVS, -1, -7, 0
VgetRT, -2, -7, 0
V[]aggV*, 3, -6, 0
V[]reverseV[], 3, -7, 0
V[]getRT, 3, -8, 0
getYoungestTrace_macro, 2, -8, 0
somethingInSight_macro, -3, 3, 0
B<SS, -2, -1, 0
SdistVV, -2, -2, 0
VgetRT, -2, -3, 0
VgetRT, -3, -2, 0
somethingInSight_macro, 0, -1, 0
traceColor_macro, 0, -2, 0
enemyInRange_macro, -7, 3, 0
,,
Parameters,Position
const txt=curPos,-5, -7, 0
ref[]:enemies,-7, -2, 0
const scal=0,-8, -3, 0
ref:self,6, -7, 0
const txt=trgPos,8, -7, 0
ref:self,-2, -8, 0
const txt=curPos,-2, -6, 0
const scal=20,0, -7, 0
const color=Blue,1, -8, 0
const txt=points,4, -8, 0
ref[]:enemies,-3, 2, 0
ref:self,-3, -4, 0
const txt=curPos,-2, -4, 0
ref:self,-3, -3, 0
const txt=trgPos,-3, -1, 0
const scal=1,-2, 0, 0
const color=Blue,1, -2, 0
