States,Name,Type
0,INIT,Init
1,enemy found,Inter
2,go to search,trigger{goto}
3,go to elsewhere,trigger{goto}
4,go to enemy,trigger{goto}
5,trace enemy,trigger{trace}
,,
Transitions,Start State,End State
0,INIT,enemy found
1,INIT,go to elsewhere
2,enemy found,trace enemy
3,INIT,go to search
4,enemy found,go to enemy
,,
Syntax Tree,Output,
0,0,
Nodes,Type,Output (Node -> Input)
0,operator{B&&BB},
1,macro{somethingInSight_macro},0->0
2,param{ref[]:enemies},1->0
3,operator{B==SS},0->1
4,param{const scal=0},3->1
5,operator{SsizeR[]},3->0
6,param{ref[]:traces},5->0
,,
Syntax Tree,Output,
0,1,
Nodes,Type,Output (Node -> Input)
0,operator{B<SS},
1,param{const scal=1},0->1
2,operator{SdistVV},0->0
3,operator{VgetRT},2->0
4,param{const txt=curPos},3->1
5,param{ref:self},3->0
6,operator{VgetRT},2->1
7,param{ref:self},6->0
8,param{const txt=trgPos},6->1
,,
Syntax Tree,Output,
0,2,
Nodes,Type,Output (Node -> Input)
0,operator{B<SS},
1,param{const scal=2},0->1
2,operator{SminValS[]},0->0
3,operator{S[]distV[]V},2->0
4,operator{VgetRT},3->1
5,operator{V[]getR[]T},3->0
6,param{ref[]:enemies},5->0
7,param{const txt=curPos},5->1
8,param{ref:self},4->0
9,param{const txt=curPos},4->1
,,
Syntax Tree,Output,
0,go to search->0,
Nodes,Type,Output (Node -> Input)
0,operator{V[]aggV*},
1,operator{VgetRT},0->0
2,param{ref:self},1->0
3,param{const txt=trgPos},1->1
,,
Syntax Tree,Output,
0,go to elsewhere->0,
Nodes,Type,Output (Node -> Input)
0,operator{V[]aggV*},
1,operator{VrandCircleVS},0->0
2,param{const scal=20},1->1
3,operator{VgetRT},1->0
4,param{ref:self},3->0
5,param{const txt=curPos},3->1
,,
Syntax Tree,Output,
0,go to enemy->0,
Nodes,Type,Output (Node -> Input)
0,operator{V[]aggV*},
1,operator{VgetRT},0->0
2,param{const txt=curPos},1->1
3,macro{getClosestEnemy_macro},1->0
,,
Syntax Tree,Output,
0,trace enemy->0,
Nodes,Type,Output (Node -> Input)
0,param{const color=blue},
,,
Syntax Tree,Output,
0,trace enemy->1,
Nodes,Type,Output (Node -> Input)
0,operator{V[]aggV*},
1,operator{VgetRT},0->0
2,param{ref:home},1->0
3,param{const txt=pos},1->1