States,Name,Type
0,INIT,Init
1,spawn scoot,Inter
2,time older 60,Inter
3,lay scoot,trigger{lay}
4,spawn ouvrier,Inter
5,lay soldier,trigger{lay}
6,soldier older 10,Inter
7,lay lurker,trigger{lay}
8,lay ouvrier,trigger{lay}
9,time older 120,Inter
10,warrior finich,Inter
11,lay warrior,trigger{lay}
12,lay knight,trigger{lay}
,,
Transitions,Start State,End State
0,INIT,time older 60
1,INIT,spawn scoot
2,spawn scoot,lay scoot
3,spawn scoot,spawn ouvrier
4,time older 60,soldier older 10
5,time older 60,lay soldier
6,spawn ouvrier,lay ouvrier
7,spawn ouvrier,lay lurker
8,soldier older 10,time older 120
9,time older 120,warrior finich
10,time older 120,lay warrior
11,warrior finich,lay knight
,,
Syntax Tree,output,
1,lay scoot->0,
Nodes,Type,output (Node -> Input)
0,param{const txt=scoot},
,,
Syntax Tree,output,
1,lay soldier->0,
Nodes,Type,output (Node -> Input)
0,param{const txt=soldier},
,,
Syntax Tree,output,
1,lay lurker->0,
Nodes,Type,output (Node -> Input)
0,param{const txt=lurker},
,,
Syntax Tree,output,
1,lay ouvrier->0,
Nodes,Type,output (Node -> Input)
0,param{const txt=ouvrier},
,,
Syntax Tree,output,
1,lay warrior->0,
Nodes,Type,output (Node -> Input)
0,param{const txt=warrior},
,,
Syntax Tree,output,
1,lay knight->0,
Nodes,Type,output (Node -> Input)
0,param{const txt=knight},
,,
Syntax Tree,output,
1,0,
Nodes,Type,output (Node -> Input)
0,macro{timeUpper_macro},
1,param{const scal=60},0->0
,,
Syntax Tree,output,
1,2,
Nodes,Type,output (Node -> Input)
0,macro{populationLower_macro},
1,param{const txt=scoot},0->0
2,param{const scal=1},0->1
,,
Syntax Tree,output,
1,4,
Nodes,Type,output (Node -> Input)
0,macro{populationUpper_macro},
1,param{const txt=soldier},0->0
2,param{const scal=9},0->1
,,
Syntax Tree,output,
1,6,
Nodes,Type,output (Node -> Input)
0,macro{populationLower_macro},
1,param{const txt=ouvrier},0->0
2,param{const scal=2},0->1
,,
Syntax Tree,output,
1,7,
Nodes,Type,output (Node -> Input)
0,macro{populationLower_macro},
1,param{const txt=lurker},0->0
2,param{const scal=1},0->1
,,
Syntax Tree,output,
1,8,
Nodes,Type,output (Node -> Input)
0,macro{timeUpper_macro},
1,param{const scal=120},0->0
,,
Syntax Tree,output,
1,9,
Nodes,Type,output (Node -> Input)
0,macro{populationUpper_macro},
1,param{const txt=warrior},0->0
2,param{const scal=4},0->1
,,
Syntax Tree,output,
1,11,
Nodes,Type,output (Node -> Input)
0,macro{timeUpper_macro},
1,param{const scal=180},0->0
,,
