States,Position
INIT, -1, 5, 0
green ressource found, -9, 0, 0
red ressource found, -4, 0, 0
,,
Actions,Position
trace green, -10, -5, 0
goto green, -8, -5, 0
trace red, -5, -5, 0
goto red, -3, -5, 0
goto elsewhere, 0, -5, 0
goto search, 3, -5, 0
,,
Operators,Position
V[]aggV*, -9, -6, 0
VgetRT, -9, -7, 0
V[]aggV*, -8, -6, 0
VgetRT, -8, -7, 0
getClosestResource_macro, -8, -8, 0
V[]aggV*, -4, -6, 0
VgetRT, -4, -7, 0
V[]aggV*, -3, -6, 0
VgetRT, -3, -7, 0
getClosestResource_macro, -3, -8, 0
V[]aggV*, 0, -6, 0
VrandCircleVS, 0, -7, 0
VgetRT, 0, -8, 0
V[]aggV*, 3, -6, 0
VgetRT, 3, -7, 0
somethingInSight_macro, -6, 3, 0
resourcesColor_macro, -7, 3, 0
somethingInSight_macro, -2, 2, 0
resourcesColor_macro, -2, 1, 0
B<SS, -2, -1, 0
SdistVV, -2, -2, 0
VgetRT, -1, -2, 0
VgetRT, -3, -2, 0
B&&BB, -10, -2, 0
B<SS, -10, -1, 0
SminValS[], -11, -1, 0
S[]distV[]V, -12, -1, 0
V[]getR[]T, -12, -2, 0
resourcesColor_macro, -13, -2, 0
VgetRT, -12, 0, 0
somethingNotInSight_macro, -11, -3, 0
traceColor_macro, -12, -3, 0
B&&BB, -6, -2, 0
B<SS, -6, -1, 0
SminValS[], -7, -1, 0
S[]distV[]V, -7, 0, 0
V[]getR[]T, -6, 0, 0
resourcesColor_macro, -5, 1, 0
VgetRT, -8, -1, 0
somethingNotInSight_macro, -6, -3, 0
traceColor_macro, -7, -3, 0
,,
Parameters,Position
const color=Green,-11, -6, 0
ref:home,-9, -8, 0
const txt=pos,-10, -7, 0
const color=Green,-7, -8, 0
const txt=pos,-7, -7, 0
const color=Red,-6, -6, 0
ref:home,-4, -8, 0
const txt=pos,-5, -7, 0
const color=Red,-2, -8, 0
const txt=pos,-2, -7, 0
ref:self,-1, -8, 0
const txt=curPos,1, -8, 0
const scal=20,1, -7, 0
ref:self,2, -7, 0
const txt=trgPos,4, -7, 0
const color=Green,-7, 4, 0
const color=Red,-1, 1, 0
ref:self,-1, -3, 0
const txt=curPos,-2, -4, 0
ref:self,-3, -1, 0
const txt=trgPos,-2, -3, 0
const scal=1,-1, -1, 0
const color=Green,-13, -1, 0
const txt=pos,-11, -2, 0
ref:self,-13, 0, 0
const txt=curPos,-12, 1, 0
const scal=1,-11, 0, 0
const color=Green,-13, -3, 0
const color=Red,-4, 2, 0
const txt=pos,-6, 1, 0
ref:self,-8, -2, 0
const txt=curPos,-8, 0, 0
const scal=1,-5, -1, 0
const color=Green,-7, -2, 0
