States,Name,Type
0,INIT,Init
1,green ressource found,Inter
2,red ressource found,Inter
3,trace green,trigger{trace}
4,goto green,trigger{goto}
5,trace red,trigger{trace}
6,goto red,trigger{goto}
7,goto elsewhere,trigger{goto}
8,goto search,trigger{goto}
,,
Transitions,Start State,End State
0,INIT,green ressource found
1,INIT,red ressource found
2,INIT,goto elsewhere
3,INIT,goto search
4,green ressource found,trace green
5,green ressource found,goto green
6,red ressource found,trace red
7,red ressource found,goto red
,,
Syntax Tree,output,
1,trace green->0,
Nodes,Type,output (Node -> Input)
0,param{const color=Green},
,,
Syntax Tree,output,
1,trace green->1,
Nodes,Type,output (Node -> Input)
0,operator{V[]aggV*},
1,operator{VgetRT},0->0
2,param{ref:home},1->0
3,param{const txt=pos},1->1
,,
Syntax Tree,output,
1,goto green->0,
Nodes,Type,output (Node -> Input)
0,operator{V[]aggV*},
1,operator{VgetRT},0->0
2,macro{getClosestResource_macro},1->0
3,param{const color=Green},2->0
4,param{const txt=pos},1->1
,,
Syntax Tree,output,
1,trace red->0,
Nodes,Type,output (Node -> Input)
0,param{const color=Red},
,,
Syntax Tree,output,
1,trace red->1,
Nodes,Type,output (Node -> Input)
0,operator{V[]aggV*},
1,operator{VgetRT},0->0
2,param{ref:home},1->0
3,param{const txt=pos},1->1
,,
Syntax Tree,output,
1,goto red->0,
Nodes,Type,output (Node -> Input)
0,operator{V[]aggV*},
1,operator{VgetRT},0->0
2,macro{getClosestResource_macro},1->0
3,param{const color=Red},2->0
4,param{const txt=pos},1->1
,,
Syntax Tree,output,
1,goto elsewhere->0,
Nodes,Type,output (Node -> Input)
0,operator{V[]aggV*},
1,operator{VrandCircleVS},0->0
2,operator{VgetRT},1->0
3,param{ref:self},2->0
4,param{const txt=curPos},2->1
5,param{const scal=20},1->1
,,
Syntax Tree,output,
1,goto search->0,
Nodes,Type,output (Node -> Input)
0,operator{V[]aggV*},
1,operator{VgetRT},0->0
2,param{ref:self},1->0
3,param{const txt=trgPos},1->1
,,
Syntax Tree,output,
1,0,
Nodes,Type,output (Node -> Input)
0,macro{somethingInSight_macro},
1,macro{resourcesColor_macro},0->0
2,param{const color=Green},1->0
,,
Syntax Tree,output,
1,1,
Nodes,Type,output (Node -> Input)
0,macro{somethingInSight_macro},
1,macro{resourcesColor_macro},0->0
2,param{const color=Red},1->0
,,
Syntax Tree,output,
1,2,
Nodes,Type,output (Node -> Input)
0,operator{B<SS},
1,operator{SdistVV},0->0
2,operator{VgetRT},1->0
3,param{ref:self},2->0
4,param{const txt=curPos},2->1
5,operator{VgetRT},1->1
6,param{ref:self},5->0
7,param{const txt=trgPos},5->1
8,param{const scal=1},0->1
,,
Syntax Tree,output,
1,4,
Nodes,Type,output (Node -> Input)
0,operator{B&&BB},
1,operator{B<SS},0->0
2,operator{SminValS[]},1->0
3,operator{S[]distV[]V},2->0
4,operator{V[]getR[]T},3->0
5,macro{resourcesColor_macro},4->0
6,param{const color=Green},5->0
7,param{const txt=pos},4->1
8,operator{VgetRT},3->1
9,param{ref:self},8->0
10,param{const txt=curPos},8->1
11,param{const scal=1},1->1
12,macro{somethingNotInSight_macro},0->1
13,macro{traceColor_macro},12->0
14,param{const color=Green},13->0
,,
Syntax Tree,output,
1,6,
Nodes,Type,output (Node -> Input)
0,operator{B&&BB},
1,operator{B<SS},0->0
2,operator{SminValS[]},1->0
3,operator{S[]distV[]V},2->0
4,operator{V[]getR[]T},3->0
5,macro{resourcesColor_macro},4->0
6,param{const color=Red},5->0
7,param{const txt=pos},4->1
8,operator{VgetRT},3->1
9,param{ref:self},8->0
10,param{const txt=curPos},8->1
11,param{const scal=1},1->1
12,macro{somethingNotInSight_macro},0->1
13,macro{traceColor_macro},12->0
14,param{const color=Green},13->0
,,
