States,Name,Type
0,INIT,Init
1,prey in sight,Inter
2,go to prey,trigger{goto}
3,strike,trigger{strike}
4,go to search,trigger{goto}
5,go to elsewhere,trigger{goto}
6,go to blue trace,trigger{goto}
,,
Transitions,Start State,End State
0,INIT,prey in sight
1,INIT,go to elsewhere
2,INIT,go to blue trace
3,INIT,go to search
4,prey in sight,strike
5,prey in sight,go to prey
,,
Syntax Tree,Output,
0,0,
Nodes,Type,Output (Node -> Input)
0,macro{somethingInSight_macro},
1,param{ref[]:enemies},0->0
,,
Syntax Tree,Output,
0,1,
Nodes,Type,Output (Node -> Input)
0,operator{B<SS},
1,param{const scal=1},0->1
2,operator{SdistVV},0->0
3,operator{VgetRT},2->0
4,param{const txt=curPos},3->1
5,param{ref:self},3->0
6,operator{VgetRT},2->1
7,param{ref:self},6->0
8,param{const txt=trgPos},6->1
,,
Syntax Tree,Output,
0,4,
Nodes,Type,Output (Node -> Input)
0,macro{enemyInRange_macro},
,,
Syntax Tree,Output,
0,go to search->0,
Nodes,Type,Output (Node -> Input)
0,operator{V[]aggV*},
1,operator{VgetRT},0->0
2,param{ref:self},1->0
3,param{const txt=trgPos},1->1
,,
Syntax Tree,Output,
0,go to elsewhere->0,
Nodes,Type,Output (Node -> Input)
0,operator{V[]aggV*},
1,operator{VrandCircleVS},0->0
2,param{const scal=20},1->1
3,operator{VgetRT},1->0
4,param{ref:self},3->0
5,param{const txt=curPos},3->1
,,
Syntax Tree,Output,
0,go to prey->0,
Nodes,Type,Output (Node -> Input)
0,operator{V[]aggV*},
1,operator{VgetRT},0->0
2,macro{getClosestEnemy_macro},1->0
3,param{const txt=curPos},1->1
,,
Syntax Tree,Output,
0,strike-> 0,
Nodes,Type,Output (Node -> Input)
0,operator{RgetR[]S},
1,param{const scal=0},0->1
2,param{ref[]:enemies},0->0
,,
Syntax Tree,Output,
0,go to blue trace->0,
Nodes,Type,Output (Node -> Input)
0,operator{V[]aggV*},
1,operator{V[]reverseV[]},0->0
2,operator{V[]getRT},1->0
3,param{const txt=points},2->1
4,macro{getYoungestTrace_macro},2->0
5,param{const color=blue},4->0
,,
Syntax Tree,Output,
0,2,
Nodes,Type,Output (Node -> Input)
0,macro{somethingInSight_macro},
1,macro{traceColor_macro},0->0
2,param{const color=blue},1->0