States,Position
INIT, 0, 4, 0
prey in sight, -2, 2, 0
,,
Actions,Position
go to prey, -4, 2, 0
strike, -4, 0, 0
go to search, 3, 4, 0
go to elsewhere, 1, 0, 0
go to blue trace, 3, 0, 0
,,
Operators,Position
V[]aggV*, -5, 1, 0
VgetRT, -6, 0, 0
getClosestEnemy_macro, -6, -1, 0
RgetR[]S, -4, -2, 0
V[]aggV*, 5, 4, 0
VgetRT, 6, 4, 0
V[]aggV*, 1, -2, 0
VrandCircleVS, 1, -3, 0
VgetRT, 1, -4, 0
V[]aggV*, 3, -2, 0
V[]reverseV[], 3, -3, 0
V[]getRT, 4, -3, 0
getYoungestTrace_macro, 5, -3, 0
somethingInSight_macro, -2, 4, 0
B<SS, -1, 1, 0
SdistVV, -1, 0, 0
VgetRT, 0, 0, 0
VgetRT, -1, -1, 0
somethingInSight_macro, 3, 3, 0
traceColor_macro, 4, 2, 0
enemyInRange_macro, -2, 0, 0
,,
Parameters,Position
const txt=curPos,-7, 0, 0
ref[]:enemies,-3, -3, 0
const scal=0,-5, -3, 0
ref:self,6, 3, 0
const txt=trgPos,7, 4, 0
ref:self,0, -4, 0
const txt=curPos,2, -4, 0
const scal=20,0, -3, 0
const color=Blue,6, -3, 0
const txt=points,4, -2, 0
ref[]:enemies,-3, 5, 0
ref:self,0, 1, 0
const txt=curPos,0, -1, 0
ref:self,0, -2, 0
const txt=trgPos,-1, -2, 0
const scal=1,-1, 2, 0
const color=Blue,5, 1, 0
