States,Position
INIT, -4, 5, 0
prey in sight, -8, 1, 0
,,
Actions,Position
go to prey, -6, -3, 0
strike, -10, -3, 0
go to search, 5, -3, 0
go to elsewhere, -4, -3, 0
go to blue trace, -1, -3, 0
,,
Operators,Position
V[]aggV*, -6, -4, 0
VgetRT, -6, -5, 0
getClosestEnemy_macro, -7, -5, 0
RgetR[]S, -10, -4, 0
V[]aggV*, 5, -4, 0
VgetRT, 5, -5, 0
V[]aggV*, -4, -4, 0
VrandCircleVS, -4, -5, 0
VgetRT, -4, -6, 0
V[]aggV*, -1, -4, 0
V[]reverseV[], -1, -5, 0
V[]getRT, -1, -6, 0
getYoungestTrace_macro, 0, -6, 0
somethingInSight_macro, -7, 4, 0
B<SS, -5, 1, 0
SdistVV, -5, 2, 0
VgetRT, -6, 2, 0
VgetRT, -5, 0, 0
somethingInSight_macro, -2, 1, 0
traceColor_macro, -1, 1, 0
enemyInRange_macro, -11, 0, 0
,,
Parameters,Position
const txt=curPos,-5, -5, 0
ref[]:enemies,-10, -5, 0
const scal=0,-9, -4, 0
ref:self,4, -5, 0
const txt=trgPos,6, -5, 0
ref:self,-5, -6, 0
const txt=curPos,-3, -6, 0
const scal=20,-3, -5, 0
const color=Blue,1, -6, 0
const txt=points,-2, -6, 0
ref[]:enemies,-8, 3, 0
ref:self,-7, 1, 0
const txt=curPos,-5, 3, 0
ref:self,-5, -1, 0
const txt=trgPos,-6, 0, 0
const scal=1,-6, 1, 0
const color=Blue,0, 0, 0
