States,Name,Type
0,INIT,Init
1,spawn scoot,Inter
2,time older 30,Inter
3,lay scoot,trigger{lay}
4,spawn ouvrier,Inter
5,lay soldier,trigger{lay}
6,soldier older 10,Inter
7,lay lurker,trigger{lay}
8,lay ouvrier,trigger{lay}
9,time older 60,Inter
10,warrior finich,Inter
11,lay warrior,trigger{lay}
12,lay knight,trigger{lay}
,,
Transitions,Start State,End State
0,INIT,time older 30
1,INIT,spawn scoot
2,spawn scoot,lay scoot
3,spawn scoot,spawn ouvrier
4,time older 30,soldier older 10
5,time older 30,lay soldier
6,spawn ouvrier,lay lurker
7,spawn ouvrier,lay ouvrier
8,soldier older 10,time older 60
9,time older 60,warrior finich
10,time older 60,lay warrior
11,warrior finich,lay knight
,,
Syntax Tree,output,
1,lay scoot->0,
Nodes,Type,output (Node -> Input)
0,param{const txt=scoot},
,,
Syntax Tree,output,
1,lay soldier->0,
Nodes,Type,output (Node -> Input)
0,param{const txt=soldier},
,,
Syntax Tree,output,
1,lay lurker->0,
Nodes,Type,output (Node -> Input)
0,param{const txt=lurker},
,,
Syntax Tree,output,
1,lay ouvrier->0,
Nodes,Type,output (Node -> Input)
0,param{const txt=ouvrier},
,,
Syntax Tree,output,
1,lay warrior->0,
Nodes,Type,output (Node -> Input)
0,param{const txt=warrior},
,,
Syntax Tree,output,
1,lay knight->0,
Nodes,Type,output (Node -> Input)
0,param{const txt=knight},
,,
Syntax Tree,output,
1,0,
Nodes,Type,output (Node -> Input)
0,operator{B>SS},
1,operator{SgetRT},0->0
2,param{ref:game},1->0
3,param{const txt=time},1->1
4,param{const scal=30},0->1
,,
Syntax Tree,output,
1,2,
Nodes,Type,output (Node -> Input)
0,operator{B<SS},
1,operator{SgetRT},0->0
2,operator{RgetRT},1->0
3,param{ref:home},2->0
4,param{const txt=population},2->1
5,param{const txt=scoot},1->1
6,param{const scal=2},0->1
,,
Syntax Tree,output,
1,4,
Nodes,Type,output (Node -> Input)
0,operator{B>SS},
1,operator{SgetRT},0->0
2,operator{RgetRT},1->0
3,param{ref:home},2->0
4,param{const txt=population},2->1
5,param{const txt=soldier},1->1
6,param{const scal=10},0->1
,,
Syntax Tree,output,
1,6,
Nodes,Type,output (Node -> Input)
0,operator{B<SS},
1,operator{SgetRT},0->0
2,operator{RgetRT},1->0
3,param{ref:home},2->0
4,param{const txt=population},2->1
5,param{const txt=lurker},1->1
6,param{const scal=2},0->1
,,
Syntax Tree,output,
1,7,
Nodes,Type,output (Node -> Input)
0,operator{B<SS},
1,operator{SgetRT},0->0
2,operator{RgetRT},1->0
3,param{ref:home},2->0
4,param{const txt=population},2->1
5,param{const txt=ouvrier},1->1
6,param{const scal=3},0->1
,,
Syntax Tree,output,
1,8,
Nodes,Type,output (Node -> Input)
0,operator{B>SS},
1,operator{SgetRT},0->0
2,param{ref:game},1->0
3,param{const txt=time},1->1
4,param{const scal=60},0->1
,,
Syntax Tree,output,
1,9,
Nodes,Type,output (Node -> Input)
0,operator{B>SS},
1,operator{SgetRT},0->0
2,operator{RgetRT},1->0
3,param{ref:home},2->0
4,param{const txt=population},2->1
5,param{const txt=warrior},1->1
6,param{const scal=5},0->1
,,
Syntax Tree,output,
1,11,
Nodes,Type,output (Node -> Input)
0,operator{B>SS},
1,operator{SgetRT},0->0
2,param{ref:game},1->0
3,param{const txt=time},1->1
4,param{const scal=90},0->1
,,
