States,Position
INIT, -1, 6, 0
Enemy in range, -8, -1, 0
Enemy not in range, 1, 4, 0
Ressource in sight, 4, 2, 0
Ressource not in sight, -2, 2, 0
Guard in range, 2, -1, 0
No guard in range, 4, -1, 0
Path to ressource in sight, -5, -1, 0
Path to ressource not in sight, -2, -1, 0
,,
Actions,Position
Attack, -8, -4, 0
Back, 0, -4, 0
Follow, -5, -4, 0
Goto, 4, -4, 0
,,
Operators,Position
getClosestEnemy_macro, -8, -5, 0
V[]aggV*, 0, -5, 0
VgetRT, 0, -6, 0
V[]getRT, -5, -5, 0
getAnyYoungestTrace_macro, -6, -5, 0
V[]aggV*, 4, -5, 0
VgetRT, 4, -6, 0
getAnyClosestResource_macro, 3, -6, 0
somethingInSight_macro, -6, 3, 0
enemyInRange_macro, -7, -2, 0
somethingInSight_macro, 4, 4, 0
B<SS, 1, 1, 0
SsizeR[], 1, 0, 0
allyCaste_macro, 0, 0, 0
somethingInSight_macro, -4, 1, 0
,,
Parameters,Position
ref:home,-1, -6, 0
const txt=pos,1, -6, 0
const txt=points,-4, -5, 0
const txt=pos,5, -6, 0
ref[]:enemies,-7, 2, 0
ref[]:resources,5, 5, 0
const scal=3,2, 2, 0
const txt=Guard,0, 1, 0
ref[]:traces,-5, 1, 0
