States,Position
INIT, 0, 4, 0
Is full, -6, -5, 0
Is not full, 6, 2, 0
Is at home, -8, -2, 0
Isn't at home, 6, 0, 0
Resource in range, 4, 0, 0
Resource not in range, 2, 0, 0
Path to resource in range, 2, -2, 0
Path to resource not in range, 0, -2, 0
,,
Actions,Position
Drop, -3.992593, -4.005555, 0
Back, -2, -4, 0
Follow, 2, -4, 0
Pick, 4, -4, 0
Goto, 3, -5, 0
,,
Operators,Position
V[]aggV*, -2, -4, 0
VgetRT, -5, -4, 0
V[]getRT, 2, -5, 0
getYoungestTrace_macro, 3, -2, 0
getClosestResource_macro, -4, -5, 0
V[]aggV*, 4, 1, -0.410553
VgetRT, -4, -2, -0.410553
getClosestResource_macro, -4, -1, -0.410553
stateFull_macro, -2, 4, 0
B==VV, -4, 2, 0
VgetRT, -1, -3, -0.410553
VgetRT, -2, -5, -0.410553
somethingInSight_macro, 0, -1, 0
resourcesColor_macro, 3, 3, 0
resourceInRange_macro, 5, -2, 0
somethingInSight_macro, 0, 0, -0.410553
traceColor_macro, -5, 3, 0
,,
Parameters,Position
ref:home,-3, 4, 0
const txt=pos,-1, 0, 0
const color=Red,-4, -5, 0
const txt=points,1, -6, 0
const color=Red,4, -4, -0.410553
const color=Red,1, -2, -0.410553
const txt=pos,2, -3, -0.410553
const txt=nbItemMax,-2, 3, 0
const txt=nbItem,-1, 4, 0
ref:home,1, 1, -0.410553
const txt=pos,-2, -2, -0.410553
ref:self,-5, 1, 0
const txt=curPos,-6, 2, 0
const color=Red,1, 3, -0.410553
const color=Red,-2, -1, -0.410553
const color=Red,4, 4, -0.410553
