States,Name,Type
0,INIT,Init
1,Is full,Inter
2,Is not full,Inter
3,Is at home,Inter
4,Isn't at home,Inter
5,Resource in range,Inter
6,Resource not in range,Inter
7,Path to resource in range,Inter
8,Path to resource not in range,Inter
9,Drop,trigger{drop}
10,Back,trigger{goto}
11,Follow,trigger{goto}
12,Pick,trigger{pick}
,,
Transitions,Start State,End State
0,INIT,Is full
1,INIT,Is not full
2,Is full,Is at home
3,Is full,Isn't at home
4,Is at home,Drop
5,Isn't at home,Back
6,Is not full,Resource in range
7,Is not full,Resource not in range
8,Resource in range,Pick
9,Resource not in range,Path to resource in range
10,Resource not in range,Path to resource not in range
11,Path to resource in range,Follow
12,Path to resource not in range,Back
,,
Syntax Tree,output,
1,Back->0,
Nodes,Type,output (Node -> Input)
0,operator{V[]aggV*},
1,operator{VgetRT},0->0
2,param{ref:home},1->0
3,param{const txt=pos},1->1
,,
Syntax Tree,output,
1,Follow->0,
Nodes,Type,output (Node -> Input)
0,operator{V[]getRT},
1,macro{getYoungestTrace_macro},0->0
2,param{const color=Red},1->0
3,param{const txt=points},0->1
,,
Syntax Tree,output,
1,Pick->0,
Nodes,Type,output (Node -> Input)
0,macro{getClosestResource_macro},
1,param{const color=Red},0->0
,,
Syntax Tree,output,
1,0,
Nodes,Type,output (Node -> Input)
0,macro{stateFull_macro},
1,param{const txt=nbItemMax},0->0
2,param{const txt=nbItem},0->1
,,
Syntax Tree,output,
1,2,
Nodes,Type,output (Node -> Input)
0,operator{B==VV},
1,operator{VgetRT},0->0
2,param{ref:home},1->0
3,param{const txt=pos},1->1
4,operator{VgetRT},0->1
5,param{ref:self},4->0
6,param{const txt=curPos},4->1
,,
Syntax Tree,output,
1,6,
Nodes,Type,output (Node -> Input)
0,macro{somethingInSight_macro},
1,macro{resourcesColor_macro},0->0
2,param{const color=Red},1->0
,,
Syntax Tree,output,
1,8,
Nodes,Type,output (Node -> Input)
0,macro{resourceInRange_macro},
1,param{const color=Red},0->0
,,
Syntax Tree,output,
1,9,
Nodes,Type,output (Node -> Input)
0,macro{somethingInSight_macro},
1,macro{getYoungestTrace_macro},0->0
2,param{const color=Red},1->0
,,
