States,Position
INIT, 0, 4, 0
Is full, -2, 2, 0
Is not full, 2, 2, 0
Is at home, -4, 0, 0
Isn't at home, -2, 0, 0
Resource in range, 4, 0, 0
Resource not in range, 2, 0, 0
Path to resource in range, 2, -2, 0
Path to resource not in range, 0, -2, 0
,,
Actions,Position
Drop, -4, -4, 0
Back, -2, -4, 0
Follow, 2, -4, 0
Pick, 4, -4, 0
Goto, 7, -4, 0
,,
Operators,Position
V[]aggV*, -2, -5, 0
VgetRT, -2, -6, 0
V[]getRT, 2, -5, 0
getYoungestTrace_macro, 3, -6, 0
getClosestResource_macro, 4, -5, 0
V[]aggV*, 7, -5, 0
VgetRT, 7, -6, 0
getClosestResource_macro, 6, -6, 0
stateFull_macro, -2, 4, 0
B==VV, -4, 2, 0
VgetRT, -5, 3, 0
VgetRT, -4, 1, 0
somethingInSight_macro, 4, 2, 0
resourcesColor_macro, 5, 2, 0
resourceInRange_macro, 5, -2, 0
somethingInSight_macro, 3, -1, 0
traceColor_macro, 3, -3, 0
,,
Parameters,Position
ref:home,-3, -6, 0
const txt=pos,-1, -6, 0
const color=Blue,2, -6, 0
const txt=points,1, -6, 0
const color=Blue,4, -6, 0
const color=Blue,5, -6, 0
const txt=pos,8, -6, 0
const txt=nbItemMax,-2, 3, 0
const txt=nbItem,-1, 4, 0
ref:home,-6, 3, 0
const txt=pos,-5, 4, 0
ref:self,-6, 1, 0
const txt=curPos,-6, 2, 0
const color=Blue,7, -1, 0
const color=Blue,5, -3, 0
const color=Blue,3, -4, 0
