States,Name,Type
0,INIT,Init
1,First time,Inter
2,Second time,Inter
3,Third time,Inter
4,Fourth time,Inter
5,Fifth time,Inter
6,Scout1G,Inter
7,Scout1R,Inter
8,Scout1B,Inter
9,Scout2,Inter
10,Guard,Inter
11,Warrior1,Inter
12,Warrior2,Inter
13,MinerG,Inter
14,MinerR,Inter
15,MinerB,Inter
16,Lay Scout1G,trigger{lay}
17,Lay Scout1R,trigger{lay}
18,Lay Scout1B,trigger{lay}
19,Lay Scout2,trigger{lay}
20,Lay Guard,trigger{lay}
21,Lay Warrior1,trigger{lay}
22,Lay Warrior2,trigger{lay}
23,Lay MinerG,trigger{lay}
24,Lay MinerR,trigger{lay}
25,Lay MinerB,trigger{lay}
,,
Transitions,Start State,End State
0,INIT,First time
1,INIT,Second time
2,INIT,Third time
3,INIT,Fourth time
4,INIT,Fifth time
5,First time,Scout1G
6,First time,Scout1R
7,First time,Scout1B
8,First time,MinerB
9,First time,MinerR
10,First time,MinerG
11,First time,Guard
12,Second time,Guard
13,Second time,MinerG
14,Second time,MinerR
15,Second time,MinerB
16,Second time,Scout1G
17,Second time,Scout1R
18,Second time,Scout1B
19,Third time,Scout2
20,Third time,Warrior1
21,Third time,MinerR
22,Third time,MinerG
23,Third time,MinerB
24,Third time,Guard
25,Fourth time,MinerR
26,Fourth time,MinerG
27,Fourth time,MinerB
28,Fourth time,Warrior1
29,Fourth time,Warrior2
30,Fourth time,Guard
31,Fourth time,Scout2
32,Fifth time,Warrior1
33,Fifth time,Warrior2
34,Fifth time,MinerR
35,Fifth time,MinerG
36,Fifth time,MinerB
37,Fifth time,Guard
38,Scout1G,Lay Scout1G
39,Scout1R,Lay Scout1R
40,Scout1B,Lay Scout1B
41,Scout2,Lay Scout2
42,Guard,Lay Guard
43,Warrior1,Lay Warrior1
44,Warrior2,Lay Warrior2
45,MinerG,Lay MinerG
46,MinerR,Lay MinerR
47,MinerB,Lay MinerB
,,
Syntax Tree,output,
0,0,
Nodes,Type,output (Node -> Input)
0,macro{timeLower_macro},
1,param{const scal=60},0->0
,,
Syntax Tree,output,
1,1,
Nodes,Type,output (Node -> Input)
0,macro{timeLower_macro},
1,param{const scal=120},0->0
,,
Syntax Tree,output,
2,2,
Nodes,Type,output (Node -> Input)
0,macro{timeLower_macro},
1,param{const scal=180},0->0
,,
Syntax Tree,output,
3,3,
Nodes,Type,output (Node -> Input)
0,macro{timeLower_macro},
1,param{const scal=240},0->0
,,
Syntax Tree,output,
4,5,
Nodes,Type,output (Node -> Input)
0,macro{populationLower_macro},
1,param{const txt=Scout1G},0->0
2,param{const scal=1},0->1
,,
Syntax Tree,output,
5,6,
Nodes,Type,output (Node -> Input)
0,macro{populationLower_macro},
1,param{const txt=Scout1R},0->0
2,param{const scal=1},0->1
,,
Syntax Tree,output,
6,7,
Nodes,Type,output (Node -> Input)
0,macro{populationUpper_macro},
1,param{const txt=Scout1B},0->0
2,param{const scal=1},0->1
,,
Syntax Tree,output,
7,8,
Nodes,Type,output (Node -> Input)
0,macro{populationLower_macro},
1,param{const txt=MinerB},0->0
2,param{const scal=2},0->1
,,
Syntax Tree,output,
8,9,
Nodes,Type,output (Node -> Input)
0,macro{populationLower_macro},
4,param{const txt=MinerR},0->0
1,param{const scal=2},0->1
,,
Syntax Tree,output,
9,10,
Nodes,Type,output (Node -> Input)
0,macro{populationLower_macro},
1,param{const txt=MinerG},0->0
2,param{const scal=2},0->1
,,
Syntax Tree,output,
10,11,
Nodes,Type,output (Node -> Input)
0,macro{populationLower_macro},
1,param{const txt=Guard},0->0
2,param{const scal=6},0->1
,,
Syntax Tree,output,
11,12,
Nodes,Type,output (Node -> Input)
0,macro{populationLower_macro},
4,param{const txt=Guard},0->0
1,param{const scal=9},0->1
,,
Syntax Tree,output,
12,13,
Nodes,Type,output (Node -> Input)
0,macro{populationLower_macro},
1,param{const txt=MinerG},0->0
2,param{const scal=3},0->1
,,
Syntax Tree,output,
13,14,
Nodes,Type,output (Node -> Input)
0,macro{populationUpper_macro},
1,param{const txt=MinerR},0->0
2,param{const scal=3},0->1
,,
Syntax Tree,output,
14,15,
Nodes,Type,output (Node -> Input)
0,macro{populationLower_macro},
1,param{const txt=MinerB},0->0
2,param{const scal=3},0->1
,,
Syntax Tree,output,
15,16,
Nodes,Type,output (Node -> Input)
0,macro{populationLower_macro},
1,param{const txt=Scout1G},0->0
2,param{const scal=1},0->1
,,
Syntax Tree,output,
16,17,
Nodes,Type,output (Node -> Input)
0,macro{populationLower_macro},
1,param{const txt=Scout1R},0->0
2,param{const scal=1},0->1
,,
Syntax Tree,output,
17,18,
Nodes,Type,output (Node -> Input)
0,macro{populationLower_macro},
1,param{const txt=Scout1B},0->0
2,param{const scal=1},0->1
,,
Syntax Tree,output,
18,19,
Nodes,Type,output (Node -> Input)
0,macro{populationLower_macro},
4,param{const txt=Scout2},0->0
1,param{const scal=3},0->1
,,
Syntax Tree,output,
19,20,
Nodes,Type,output (Node -> Input)
0,macro{populationLower_macro},
1,param{const txt=Warrior1},0->0
2,param{const scal=3},0->1
,,
Syntax Tree,output,
20,21,
Nodes,Type,output (Node -> Input)
0,macro{populationUpper_macro},
1,param{const txt=MinerR},0->0
2,param{const scal=3},0->1
,,
Syntax Tree,output,
21,22,
Nodes,Type,output (Node -> Input)
0,macro{populationLower_macro},
1,param{const txt=MinerG},0->0
2,param{const scal=3},0->1
,,
Syntax Tree,output,
22,23,
Nodes,Type,output (Node -> Input)
0,macro{populationLower_macro},
1,param{const txt=MinerB},0->0
2,param{const scal=3},0->1
,,
Syntax Tree,output,
23,24,
Nodes,Type,output (Node -> Input)
0,macro{populationLower_macro},
1,param{const txt=Guard},0->0
2,param{const scal=9},0->1
,,
Syntax Tree,output,
24,25,
Nodes,Type,output (Node -> Input)
0,macro{populationLower_macro},
1,param{const txt=MinerR},0->0
2,param{const scal=4},0->1
,,
Syntax Tree,output,
25,26,
Nodes,Type,output (Node -> Input)
0,macro{populationLower_macro},
1,param{const txt=MinerG},0->0
2,param{const scal=4},0->1
,,
Syntax Tree,output,
26,27,
Nodes,Type,output (Node -> Input)
0,macro{populationLower_macro},
1,param{const txt=MinerB},0->0
2,param{const scal=4},0->1
,,
Syntax Tree,output,
27,28,
Nodes,Type,output (Node -> Input)
0,macro{populationLower_macro},
1,param{const txt=Warrior1},0->0
2,param{const scal=6},0->1
,,
Syntax Tree,output,
28,29,
Nodes,Type,output (Node -> Input)
0,macro{populationLower_macro},
4,param{const txt=Warrior2},0->0
1,param{const scal=3},0->1
,,
Syntax Tree,output,
29,30,
Nodes,Type,output (Node -> Input)
0,macro{populationLower_macro},
1,param{const txt=Guard},0->0
2,param{const scal=9},0->1
,,
Syntax Tree,output,
30,31,
Nodes,Type,output (Node -> Input)
0,macro{populationLower_macro},
1,param{const txt=Scout2},0->0
2,param{const scal=3},0->1
,,
Syntax Tree,output,
31,32,
Nodes,Type,output (Node -> Input)
0,macro{populationLower_macro},
1,param{const txt=Warrior1},0->0
2,param{const scal=12},0->1
,,
Syntax Tree,output,
32,33,
Nodes,Type,output (Node -> Input)
0,macro{populationUpper_macro},
1,param{const txt=Warrior2},0->0
2,param{const scal=6},0->1
,,
Syntax Tree,output,
33,34,
Nodes,Type,output (Node -> Input)
0,macro{populationLower_macro},
1,param{const txt=MinerR},0->0
2,param{const scal=4},0->1
,,
Syntax Tree,output,
34,35,
Nodes,Type,output (Node -> Input)
0,macro{populationLower_macro},
1,param{const txt=MinerG},0->1
2,param{const scal=4},0->0
,,
Syntax Tree,output,
35,36,
Nodes,Type,output (Node -> Input)
0,macro{populationLower_macro},
1,param{const txt=MinerB},0->0
2,param{const scal=4},0->1
,,
Syntax Tree,output,
36,37,
Nodes,Type,output (Node -> Input)
0,macro{populationLower_macro},
1,param{const txt=Guard},0->0
2,param{const scal=9},0->1
,,
Syntax Tree,output,
37,Lay Scout1G->0,
Nodes,Type,output (Node -> Input)
0,param{const txt=Scout1G},
,,
Syntax Tree,output,
38,Lay Scout1B->0,
Nodes,Type,output (Node -> Input)
0,param{const txt=Scout1B},
,,
Syntax Tree,output,
39,Lay Scout1R->0,
Nodes,Type,output (Node -> Input)
0,param{const txt=Scout1R},
,,
Syntax Tree,output,
40,Lay Scout2->0,
Nodes,Type,output (Node -> Input)
0,param{const txt=Scout2},
,,
Syntax Tree,output,
41,Lay MinerG->0,
Nodes,Type,output (Node -> Input)
0,param{const txt=MinerG},
,,
Syntax Tree,output,
42,Lay MinerB->0,
Nodes,Type,output (Node -> Input)
0,param{const txt=MinerB},
,,
Syntax Tree,output,
43,Lay MinerR->0,
Nodes,Type,output (Node -> Input)
0,param{const txt=MinerR},
,,
Syntax Tree,output,
44,Lay Warrior1->0,
Nodes,Type,output (Node -> Input)
0,param{const txt=Warrior1},
,,
Syntax Tree,output,
45,Lay Warrior2->0,
Nodes,Type,output (Node -> Input)
0,param{const txt=Warrior2},
,,
Syntax Tree,output,
46,Lay Guard->0,
Nodes,Type,output (Node -> Input)
0,param{const txt=Guard},