States,Position
INIT, -1, 5, 0
Goto random, 2, 2, 0
Path to resource not in sight, -4, 2, 0
,,
Actions,Position
Trace, -4, -2, 0
Set rand, 4, -2, 0
Goto, 0, -2, 0
,,
Operators,Position
V[]aggV*, -3, -3, 0
VgetRT, -2, -4, 0
VgetRT, -4, -4, 0
getClosestResource_macro, -5, -4, 0
V[]aggV*, 4, -3, 0
VrandCircleVS, 4, -4, 0
VgetRT, 3, -4, 0
V[]aggV*, 0, -3, 0
VgetRT, 0, -4, 0
somethingInSight_macro, 1, 4, 0
traceColor_macro, 2, 5, 0
B==VV, 5, 1, 0
VgetRT, 5, 2, 0
VgetRT, 6, 1, 0
somethingInSight_macro, -5, 0, 0
resourcesColor_macro, -6, 0, 0
,,
Parameters,Position
const color=Red,-5, -3, 0
ref:home,-3, -4, 0
const txt=pos,-2, -5, 0
const color=Red,-5, -5, 0
const txt=pos,-4, -5, 0
ref:self,2, -4, 0
const txt=curPos,3, -5, 0
const scal=5,5, -4, 0
ref:self,-1, -4, 0
const txt=trgPos,1, -4, 0
const color=Red,3, 6, 0
ref:self,5, 3, 0
const txt=curPos,4, 2, 0
ref:self,7, 1, 0
const txt=trgPos,6, 0, 0
const color=Red,-7, 0, 0
