States,Name,Type
0,INIT,Init
1,Enemy base in sight,Inter
2,Enemy base not in sight,Inter
3,Trace,trigger{trace}
4,Set rand,trigger{goto}
5,Goto,trigger{goto}
,,
Transitions,Start State,End State
0,INIT,Enemy base in sight
1,INIT,Enemy base not in sight
2,Enemy base in sight,Trace
3,Enemy base not in sight,Set rand
4,Enemy base not in sight,Goto
,,
Syntax Tree,output,
1,Trace->0,
Nodes,Type,output (Node -> Input)
0,param{const color=Red},
,,
Syntax Tree,output,
1,Trace->1,
Nodes,Type,output (Node -> Input)
0,operator{V[]aggV*},
1,operator{VgetRT},0->0
2,param{ref:home},1->0
3,param{const txt=pos},1->1
4,operator{VgetRT},0->1
5,operator{RgetR[]S}, 4->0
6,param{const txt=curPos},4->1
7,macro{enemyPrysme_macro},5->0
8,param{const scal=0},5->1
,,
Syntax Tree,output,
1,Set rand->0,
Nodes,Type,output (Node -> Input)
0,operator{V[]aggV*},
1,operator{VrandCircleVS},0->0
2,operator{VgetRT},1->0
3,param{ref:self},2->0
4,param{const txt=curPos},2->1
5,param{const scal=5},1->1
,,
Syntax Tree,output,
1,Goto->0,
Nodes,Type,output (Node -> Input)
0,operator{V[]aggV*},
1,operator{VgetRT},0->0
2,param{ref:self},1->0
3,param{const txt=trgPos},1->1
,,
Syntax Tree,output,
1,0,
Nodes,Type,output (Node -> Input)
0,macro{somethingInSight_macro},
1,macro{enemyPrysme_macro},0->0
,,
Syntax Tree,output,
1,3,
Nodes,Type,output (Node -> Input)
0,operator{B==VV},
1,operator{VgetRT},0->0
2,param{ref:self},1->0
3,param{const txt=curPos},1->1
4,operator{VgetRT},0->1
5,param{ref:self},4->0
6,param{const txt=trgPos},4->1
,,
