States,Position
INIT, -1, 4, 0
Goto random, 2, 1, 0
Path to resource not in sight, -4, 1, 0
,,
Actions,Position
Trace, -4, -3, 0
Set rand, 4, -3, 0
Goto, 0, -3, 0
,,
Operators,Position
V[]aggV*, -3, -4, 0
VgetRT, -2, -5, 0
VgetRT, -4, -5, 0
getClosestResource_macro, -4, -6, 0
V[]aggV*, 4, -4, 0
VrandCircleVS, 4, -5, 0
VgetRT, 3, -5, 0
V[]aggV*, 0, -4, 0
VgetRT, 0, -5, 0
somethingInSight_macro, 1, 3, 0
traceColor_macro, 2, 4, 0
B<SS, 4, 0, 0
SdistVV, 5, 0, 0
VgetRT, 5, 1, 0
VgetRT, 6, 0, 0
somethingInSight_macro, -5, -1, 0
resourcesColor_macro, -6, -1, 0
,,
Parameters,Position
const color=Green,-5, -4, 0
ref:home,-2, -6, 0
const txt=pos,-3, -6, 0
const color=Green,-4, -7, 0
const txt=pos,-5, -5, 0
ref:self,2, -5, 0
const txt=curPos,3, -6, 0
const scal=5,5, -5, 0
ref:self,-1, -5, 0
const txt=trgPos,1, -5, 0
const color=Green,3, 5, 0
const scal=1,4, -1, 0
ref:self,5, 2, 0
const txt=curPos,4, 1, 0
ref:self,7, 0, 0
const txt=trgPos,6, -1, 0
const color=Green,-7, -1, 0
