States,Name,Type
0,INIT,Init
1,Enemy in range,Inter
2,Enemy not in range,Inter
3,Enemy in sight,Inter
4,No enemy in sight,Inter
5,Warrior 1 in sight,Inter
6,No warrior 1 in sight,Inter
7,Path to enemy base in sight,Inter
8,Path to enemy base not in sight,Inter
9,Attack,trigger{strike}
10,Goto,trigger{goto}
11,Follow,trigger{goto}
12,Back,trigger{goto}
,,
Transitions,Start State,End State
0,Enemy in range,Attack
1,No enemy in sight,Warrior 1 in sight
2,No enemy in sight,No warrior 1 in sight
3,Warrior 1 in sight,Path to enemy base in sight
4,Warrior 1 in sight,Path to enemy base not in sight
5,No warrior 1 in sight,Back
6,Path to enemy base in sight,Follow
7,Path to enemy base not in sight,Back
8,INIT,Enemy in sight
9,INIT,No enemy in sight
10,Enemy in sight,Enemy in range
11,Enemy in sight,Enemy not in range
12,Enemy not in range,Goto
,,
Syntax Tree,output,
1,Attack->0,
Nodes,Type,output (Node -> Input)
0,macro{getClosestEnemy_macro},
,,
Syntax Tree,output,
1,Goto->0,
Nodes,Type,output (Node -> Input)
0,operator{V[]aggV*},
1,operator{VgetRT},0->0
2,macro{getClosestEnemy_macro},1->0
3,param{const txt=curPos},1->1
,,
Syntax Tree,output,
1,Follow->0,
Nodes,Type,output (Node -> Input)
0,operator{V[]getRT},
1,macro{getYoungestTrace_macro},0->0
2,param{const txt=points},0->1
3,param{const color=Red},1->0
,,
Syntax Tree,output,
1,Back->0,
Nodes,Type,output (Node -> Input)
0,operator{V[]aggV*},
1,operator{VgetRT},0->0
2,param{ref:home},1->0
3,param{const txt=pos},1->1
,,
Syntax Tree,output,
1,1,
Nodes,Type,output (Node -> Input)
0,operator{B>SS},
1,param{const scal=2},0->0
2,operator{SsizeR[]},0->1
3,macro{allyCaste_macro},2->0
4,param{const txt=Warrior1},3->0
,,
Syntax Tree,output,
1,3,
Nodes,Type,output (Node -> Input)
0,macro{somethingInSight_macro},
1,macro{traceColor_macro},0->0
2,param{const color=Red},1->0
,,
Syntax Tree,output,
1,8,
Nodes,Type,output (Node -> Input)
0,macro{somethingInSight_macro},
1,param{ref[]:enemies},0->0
,,
Syntax Tree,output,
1,10,
Nodes,Type,output (Node -> Input)
0,macro{enemyInRange_macro},
,,
