States,Position
INIT, -1, 5, 0
Enemy in range, -5, -1, 0
Enemy not in range, 1, 3, 0
Ally in sight, -1, 1, 0
Ally not in sight, 3, -1, 0
Path to enemy base in sight, -3, -1, 0
Path to enemy base not in sight, 1, -1, 0
,,
Actions,Position
Attack, -5, -5, 0
Follow, -3, -5, 0
Back, 3, -5, 0
,,
Operators,Position
getClosestEnemy_macro, -5, -6, 0
V[]getRT, -3, -6, 0
getYoungestTrace_macro, -2, -6, 0
V[]aggV*, 3, -6, 0
VgetRT, 3, -7, 0
enemyInRange_macro, -6, -3, 0
B<SS, 0, 2, 0
SsizeR[], -1, 2, 0
allyCaste_macro, -1, 3, 0
somethingInSight_macro, -2, 0, 0
traceColor_macro, -3, 1, 0
somethingInSight_macro, -4, 3, -0.410553
,,
Parameters,Position
const color=Red,-2, -7, 0
const txt=points,-4, -6, 0
ref:home,4, -7, 0
const txt=pos,2, -7, 0
const scal=2,0, 3, 0
const txt=Warrior2,-1, 4, 0
const color=Red,-2, 1, 0
ref[]:enemies,-4, 4, -0.410553
