States,Name,Type
0,INIT,Init
1,Enemy in range,Inter
2,Enemy not in range,Inter
3,Ally in sight,Inter
4,Ally not in sight,Inter
5,Path to enemy base in sight,Inter
6,Path to enemy base not in sight,Inter
7,Attack,trigger{strike}
8,Follow,trigger{goto}
9,Back,trigger{goto}
,,
Transitions,Start State,End State
0,INIT,Enemy in range
1,INIT,Enemy not in range
2,Enemy in range,Attack
3,Enemy not in range,Ally in sight
4,Enemy not in range,Ally not in sight
5,Ally in sight,Path to enemy base in sight
6,Ally in sight,Path to enemy base not in sight
7,Ally not in sight,Back
8,Path to enemy base in sight,Follow
9,Path to enemy base not in sight,Back
,,
Syntax Tree,output,
1,Attack->0,
Nodes,Type,output (Node -> Input)
0,macro{getClosestEnemy_macro},
,,
Syntax Tree,output,
1,Follow->0,
Nodes,Type,output (Node -> Input)
0,operator{V[]getRT},
1,macro{getYoungestTrace_macro},0->0
2,param{const color=Red},1->0
3,param{const txt=points},0->1
,,
Syntax Tree,output,
1,Back->0,
Nodes,Type,output (Node -> Input)
0,operator{V[]aggV*},
1,operator{VgetRT},0->0
2,param{ref:home},1->0
3,param{const txt=pos},1->1
,,
Syntax Tree,output,
1,0,
Nodes,Type,output (Node -> Input)
0,macro{somethingInSight_macro},
1,param{ref[]:enemies},0->0
,,
Syntax Tree,output,
1,2,
Nodes,Type,output (Node -> Input)
0,macro{enemyInRange_macro},
,,
Syntax Tree,output,
1,3,
Nodes,Type,output (Node -> Input)
0,operator{B<SS},
1,param{const scal=2},0->0
2,operator{SsizeR[]},0->1
3,macro{allyCaste_macro},2->0
4,param{const txt=Warrior2},3->0
,,
Syntax Tree,output,
1,5,
Nodes,Type,output (Node -> Input)
0,macro{somethingInSight_macro},
1,macro{traceColor_macro},0->0
2,param{const color=Red},1->0
,,
