States,Position
INIT, 3, 3, 0
Enemy in range, 5, -2, 0
Enemy not in range, 9, -2, 0
Enemy in sight, 7, 0, 0
No enemy in sight, 0, 0, 0
Warrior 1 in sight, -1, -2, 0
No warrior 1 in sight, 2, -2, 0
Path to enemy base in sight, -2, -4, 0
Path to enemy base not in sight, 0, -4, 0
,,
Actions,Position
Attack, 5, -6, 0
Goto, 9, -6, 0
Follow, -2, -6, 0
Back, 2, -6, 0
,,
Operators,Position
getClosestEnemy_macro, 5, -7, 0
V[]aggV*, 9, -7, 0
VgetRT, 9, -8, 0
getClosestEnemy_macro, 8, -8, 0
getYoungestTrace_macro, -2, -7, 0
V[]aggV*, 2, -7, 0
VgetRT, 2, -8, 0
enemyInRange_macro, 5, -1, 0
somethingInSight_macro, 5, 2, 0
B>SS, -2, 0, 0
SsizeR[], -2, -1, 0
allyCaste_macro, -3, -1, 0
somethingInSight_macro, -2, -3, 0
traceColor_macro, -3, -3, 0
,,
Parameters,Position
const txt=curPos,10, -8, 0
const color=Red,-2, -8, 0
ref:home,1, -8, 0
const txt=pos,3, -8, 0
ref[]:enemies,6, 2, 0
const scal=2,-2, 1, 0
const txt=Warrior1,-4, -1, 0
const color=Red,-4, -3, 0
