States,Position
INIT, -2, 3, 0
enemy found, -6, -1, 0
,,
Actions,Position
go to search, 3, -5, 0
go to elsewhere, 0, -5, 0
go to enemy, -4, -5, 0
trace enemy, -8, -5, 0
,,
Operators,Position
V[]aggV*, 3, -6, 0
VgetRT, 3, -7, 0
V[]aggV*, 0, -6, 0
VrandCircleVS, 0, -7, 0
VgetRT, 0, -8, 0
V[]aggV*, -4, -6, 0
VgetRT, -4, -7, 0
getClosestEnemy_macro, -5, -7, 0
V[]aggV*, -7, -6, 0
VgetRT, -7, -7, 0
B&&BB, -5, 2, 0
somethingInSight_macro, -6, 3, 0
B==SS, -6, 1, 0
SsizeR[], -7, 1, 0
B<SS, -2, -2, 0
SdistVV, -2, -1, 0
VgetRT, -2, 0, 0
VgetRT, -3, -1, 0
B<SS, -8, -3, 0
SminValS[], -8, -2, 0
S[]distV[]V, -9, -2, 0
V[]getR[]T, -9, -3, 0
VgetRT, -9, -1, 0
,,
Parameters,Position
ref:self,2, -7, 0
const txt=trgPos,4, -7, 0
ref:self,1, -8, 0
const txt=curPos,-1, -8, 0
const scal=20,1, -7, 0
const txt=curPos,-3, -7, 0
const color=Blue,-9, -6, 0
ref:home,-6, -7, 0
const txt=pos,-8, -7, 0
ref[]:enemies,-5, 4, 0
ref[]:traces,-8, 1, 0
const scal=0,-7, 2, 0
ref:self,-3, 0, 0
const txt=curPos,-3, 1, 0
ref:self,-4, -1, 0
const txt=trgPos,-3, -2, 0
const scal=1,-2, -3, 0
ref[]:enemies,-10, -3, 0
const txt=curPos,-9, -4, 0
ref:self,-9, 0, 0
const txt=curPos,-10, -1, 0
const scal=2,-8, -4, 0
