States,Position
INIT, 0, 5, 0
spawn scoot, 3, 3, 0
time older 60, -3, 3, 0
spawn ouvrier, 0, -1, 0
soldier older 10, -6, 1, 0
time older 120, -9, -1, 0
warrior finich, -6, -1, 0
,,
Actions,Position
lay scoot, 3, -6, 0
lay soldier, -3, -6, 0
lay lurker, 1, -6, 0
lay ouvrier, -1, -6, 0
lay warrior, -9, -6, 0
lay knight, -6, -6, 0
,,
Operators,Position
timeUpper_macro, -2, 5, 0
populationLower_macro, 4, -1, 0
populationUpper_macro, -5, 3, 0
populationLower_macro, -2, -3, 0
populationLower_macro, 2, -3, 0
timeUpper_macro, -8, 1, 0
populationUpper_macro, -8, -2, 0
timeUpper_macro, -5, -3, 0
,,
Parameters,Position
const txt=scoot,3, -7, 0
const txt=soldier,-3, -7, 0
const txt=lurker,1, -7, 0
const txt=ouvrier,-1, -7, 0
const txt=warrior,-9, -7, 0
const txt=knight,-6, -7, 0
const scal=60,-3, 5, 0
const txt=scoot,4, 0, 0
const scal=1,4, -2, 0
const txt=soldier,-5, 4, 0
const scal=9,-6, 3, 0
const txt=ouvrier,-2, -4, 0
const scal=2,-2, -2, 0
const txt=lurker,2, -2, 0
const scal=1,2, -4, 0
const scal=120,-9, 1, 0
const txt=warrior,-8, -3, 0
const scal=4,-7, -3, 0
const scal=180,-4, -3, 0
