States,Name,Type
0,INIT,Init
1,Enemy in range,Inter
2,Enemy not in range,Inter
3,Ressource in sight,Inter
4,Ressource not in sight,Inter
5,Guard in range,Inter
6,No guard in range,Inter
7,Path to ressource in sight,Inter
8,Path to ressource not in sight,Inter
9,Attack,trigger{strike}
10,Back,trigger{goto}
11,Follow,trigger{goto}
12,Goto,trigger{goto}
,,
Transitions,Start State,End State
0,INIT,Enemy in range
1,INIT,Enemy not in range
2,Enemy in range,Attack
3,Enemy not in range,Ressource in sight
4,Enemy not in range,Ressource not in sight
5,Ressource in sight,Guard in range
6,Ressource in sight,No guard in range
7,Ressource not in sight,Path to ressource in sight
8,Ressource not in sight,Path to ressource not in sight
9,Guard in range,Back
10,No guard in range,Goto
11,Path to ressource in sight,Follow
12,Path to ressource not in sight,Back
,,
Syntax Tree,output,
0,0,
Nodes,Type,output (Node -> Input)
0,operator{B<SS},
1,operator{SgetRT},0->0
2,operator{SminValS[]},0->1
3,param{ref:self},1->0
4,param{const txt=atkRange},1->1
5,operator{S[]distV[]V},2->0
6,operator{V[]getR[]T},5->0
7,operator{VgetRT},5->1
8,param{ref[]:enemies},6->0
9,param{const txt=curPos},6->1
10,param{ref:self},7->0
11,param{const txt=curPos},7->1
,,
Syntax Tree,output,
1,Attack->0,
Nodes,Type,output (Node -> Input)
0,operator{RgetR[]S},
1,param{ref[]:enemies},0->0
2,operator{SminIdS[]},0->1
3,operator{S[]distV[]V},2->0
4,operator{V[]getR[]T},3->0
5,operator{VgetRT},3->1
6,param{ref[]:enemies},4->0
7,param{const txt=curPos},4->1
8,param{ref:self},5->0
9,param{const txt=curPos},5->1
,,
Syntax Tree,output,
2,3,
Nodes,Type,output (Node -> Input)
0,operator{B<SS},
1,param{const scal=0},0->0
2,operator{SsizeR[]},0->1
3,param{ref[]:resources},2->0
,,
Syntax Tree,output,
3,5,
Nodes,Type,output (Node -> Input)
0,operator{B<SS},
1,param{const scal=3},0->0
2,operator{SsizeR[]},0->1
3,operator{R[]where==R[]TT},2->0
4,param{ref[]:resources},3->0
5,param{const txt=cast},3->1
6,param{const txt=Guard},3->2
,,
Syntax Tree,output,
4,7,
Nodes,Type,output (Node -> Input)
0,operator{B<SS},
1,param{const scal=0},0->0
2,operator{SsizeR[]},0->1
3,param{ref[]:traces},2->0
,,
Syntax Tree,output,
5,Back->0,
Nodes,Type,output (Node -> Input)
0,operator{V[]aggV*},
1,operator{VgetRT},0->0
2,param{ref:home},1->0
3,param{const txt=pos},1->1
,,
Syntax Tree,output,
6,Goto->0,
Nodes,Type,output (Node -> Input)
0,operator{V[]aggV*},
1,operator{VgetRT},0->0
2,operator{RgetR[]S},1->0
3,param{const txt=pos},1->1
4,param{ref[]:resources},2->0
5,operator{SminIdS[]},2->1
6,operator{S[]distV[]V},5->0
7,operator{V[]getR[]T},6->0
8,operator{VgetRT},6->1
9,param{ref[]:resources},7->0
10,param{const txt=pos},7->1
11,param{ref:self},8->0
12,param{const txt=curPos},8->1
,,
Syntax Tree,output,
7,Follow->0,
Nodes,Type,output (Node -> Input)
0,operator{V[]getRT},
1,operator{RgetR[]S},0->0
2,param{const txt=points},0->1
3,param{ref[]:traces},1->0
4,operator{SminIdS[]},1->1
5,operator{S[]getR[]T},4->0
6,param{ref[]:traces},5->0
7,param{const txt=age},5->1