States,Name,Type
0,INIT,Init
1,Is full,Inter
2,Is not full,Inter
3,Is at home,Inter
4,Isn't at home,Inter
5,Ressource in range,Inter
6,Ressource not in range,Inter
7,Path to ressource in range,Inter
8,Path to ressource not in range,Inter
9,Drop,trigger{drop}
10,Back,trigger{goto}
11,Follow,trigger{goto}
12,Pick,trigger{pick}
,,
Transitions,Start State,End State
0,INIT,Is full
1,INIT,Is not full
2,Is full,Is at home
3,Is full,Isn't at home
4,Is at home,Drop
5,Isn't at home,Back
6,Is not full,Ressource in range
7,Is not full,Ressource not in range
8,Ressource in range,Pick
9,Ressource not in range,Path to ressource in range
10,Ressource not in range,Path to ressource not in range
11,Path to ressource in range,Follow
12,Path to ressource not in range,Back
,,
Syntax Tree,output,
0,0,
Nodes,Type,output (Node -> Input)
0,operator{B==SS},
1,operator{SgetRT},0->0
2,operator{SgetRT},0->1
3,param{ref:self},1->0
5,param{const txt=nbItemMax},1->1
4,param{ref:self},2->0
6,param{const txt=nbItem},2->1
,,
Syntax Tree,output,
1,2,
Nodes,Type,output (Node -> Input)
0,operator{B==VV},
1,operator{VgetRT},0->1
2,operator{VgetRT},0->0
3,param{ref:self},1->0
4,param{const txt=curPos},1->1
5,param{ref:home},2->0
6,param{const txt=pos},2->1
,,
Syntax Tree,output,
2,Back->0,
Nodes,Type,output (Node -> Input)
0,operator{V[]aggV*},
1,operator{VgetRT},0->0
2,param{ref:home},1->0
3,param{const txt=pos},1->1
,,
Syntax Tree,output,
3,6,
Nodes,Type,output (Node -> Input)
0,operator{B<SS},
1,operator{SgetRT},0->0
2,operator{SminValS[]},0->1
3,param{ref:self},1->0
4,param{const txt=pickRange},1->1
5,operator{S[]distV[]V},2->0
6,operator{V[]getR[]T},5->0
7,operator{VgetRT},5->1
8,operator{R[]where==R[]TC},6->0
9,param{const txt=pos},6->1
10,param{ref:self},7->0
11,param{const txt=curPos},7->1
12,param{ref[]:resources},8->0
13,param{const txt=color},8->1
14,param{const color=red},8->2
,,
Syntax Tree,output,
4,Pick->0,
Nodes,Type,output (Node -> Input)
0,operator{RgetR[]S},
1,operator{R[]where==R[]TC},0->0
2,operator{SminIdS[]},0->1
3,param{ref:resources},1->0
4,param{const txt=color},1->1
5,param{const color=red},1->2
6,operator{S[]distV[]V},2->0
7,operator{V[]getR[]T},6->0
8,operator{VgetRT},6->1
9,operator{R[]where==R[]TC},7->0
10,param{const txt=pos},7->1
11,param{ref:self},8->0
12,param{const txt=curPos},8->1
13,param{ref:resources},9->0
14,param{const txt=color},9->1
15,param{const color=red},9->2
,,
Syntax Tree,output,
5,9,
Nodes,Type,output (Node -> Input)
0,operator{B>SS},
1,param{const scal=0},0->0
2,operator{SsizeR[]},0->1
3,operator{R[]where==R[]TS},2->0
4,operator{R[]where==R[]TC},3->0
5,param{const txt=age},3->1
6,operator{SminValS[]},3->2
7,param{ref[]:traces},4->0
8,param{const txt=color},4->1
9,param{const color=red},4->2
10,operator{S[]getR[]T},6->0
11,operator{R[]where==R[]TC},10->0
12,param{const txt=age},10->1
13,param{ref[]:traces},11->0
14,param{const txt=color},11->1
15,param{const color=red},11->2
,,
Syntax Tree,output,
6,Follow->0,
Nodes,Type,output (Node -> Input)
0,operator{V[]getRT},
1,operator{RgetR[]S},0->0
2,param{const txt=points},0->1
3,param{ref[]:traces},1->0
4,operator{SminIdS[]},1->1
5,operator{S[]getR[]T},4->0
6,operator{R[]where==R[]TC},5->0
7,param{const txt=age},5->1
8,param{ref[]:traces},6->0
9,param{const txt=color},6->1
10,param{const color=red},6->2