States,Name,Type
0,INIT,Init
1,Goto random,Inter
2,Path to ressource not in sight,Inter
3,Trace,trigger{trace}
4,Set rand,trigger{goto}
5,Goto,trigger{goto}
,,
Transitions,Start State,End State
0,INIT,Goto random
1,INIT,Path to ressource not in sight
2,Goto random,Set rand
3,Goto random,Goto
4,Path to ressource not in sight,Trace
5,Path to ressource not in sight,Goto random
,,
Syntax Tree,output,
0,0,
Nodes,Type,output (Node -> Input)
0,operator{B<SS},
1,param{const scal=0},0->0
2,operator{SsizeR[]},0->1
3,operator{R[]where==R[]TC},2->0
4,param{ref[]:traces},3->0
5,param{const txt=color},3->1
6,param{const color=red},3->2
,,
Syntax Tree,output,
1,2,
Nodes,Type,output (Node -> Input)
0,operator{B==VV},
1,operator{VgetRT},0->0
2,operator{VgetRT},0->1
3,param{ref:self},1->0
4,param{const txt=curPos},1->1
5,param{ref:self},2->0
6,param{const txt=trgPos},2->1
,,
Syntax Tree,output,
2,Goto->0,
Nodes,Type,output (Node -> Input)
0,operator{V[]aggV*},
1,operator{VgetRT},0->0
2,param{ref:self},1->0
3,param{const txt=trgPos},1->1
,,
Syntax Tree,output,
3,Set rand->0,
Nodes,Type,output (Node -> Input)
0,operator{V[]aggV*},
1,operator{VrandCircleVS},0->0
2,operator{VgetRT},1->0
3,param{const scal=20},1->1
4,param{ref:self},2->0
5,param{const txt=curPos},2->1
,,
Syntax Tree,output,
4,4,
Nodes,Type,output (Node -> Input)
0,operator{B<SS},
1,param{const scal=0},0->0
2,operator{SsizeR[]},0->1
3,operator{R[]where==R[]TC},2->0
4,param{ref[]:resources},3->0
5,param{const txt=color},3->1
6,param{const color=red},3->2
,,
Syntax Tree,output,
5,Trace->1,
Nodes,Type,output (Node -> Input)
0,operator{V[]aggV*},
1,operator{VgetRT},0->0
2,operator{VgetRT},0->1
3,param{ref:home},1->0
4,param{const txt=pos},1->1
5,operator{RgetR[]S},2->0
6,param{const txt=pos},2->1
7,operator{R[]where==R[]TC},5->0
8,operator{SminIdS[]},5->1
9,param{ref[]:resources},7->0
10,param{const txt=color},7->1
11,param{const color=red},7->2
12,operator{S[]distV[]V},8->0
13,operator{V[]getR[]T},12->0
14,operator{VgetRT},12->1
15,operator{R[]where==R[]TC},13->0
16,param{const txt=pos},13->1
17,param{ref:self},14->0
18,param{const txt=curPos},14->1
19,param{ref[]:resources},15->0
20,param{const txt=color},15->1
21,param{const color=red},15->2
,,
Syntax Tree,output,
6,Trace->0,
Nodes,Type,output (Node -> Input)
0,param{const color=red},