States,Name,Type
0,INIT,Init
1,Enemy in range,Inter
2,Enemy not in range,Inter
3,Enemy in sight,Inter
4,No enemy in sight,Inter
5,Warrior 1 in sight,Inter
6,No warrior 1 in sight,Inter
7,Path to enemy base in sight,Inter
8,Path to enemy base not in sight,Inter
9,Attack,trigger{strike}
10,Goto,trigger{goto}
11,Follow,trigger{goto}
12,Back,trigger{goto}
,,
Transitions,Start State,End State
0,INIT,Enemy in range
1,INIT,Enemy not in range
2,Enemy in range,Attack
3,Enemy not in range,Enemy in sight
4,Enemy not in range,No enemy in sight
5,Enemy in sight,Goto
6,No enemy in sight,Warrior 1 in sight
7,No enemy in sight,No warrior 1 in sight
8,Warrior 1 in sight,Path to enemy base in sight
9,Warrior 1 in sight,Path to enemy base not in sight
10,No warrior 1 in sight,Back
11,Path to enemy base in sight,Follow
12,Path to enemy base not in sight,Back
,,
Syntax Tree,output,
0,0,
Nodes,Type,output (Node -> Input)
0,operator{B>SS},
1,operator{SminValS[]},0->0
2,operator{SgetRT},0->1
3,operator{S[]distV[]V},1->0
4,param{ref:self},2->0
5,param{const txt=atkRange},2->1
6,operator{V[]getR[]T},3->0
7,operator{VgetRT},3->1
8,param{ref[]:enemies},6->0
9,param{const txt=curPos},6->1
10,param{ref:self},7->0
11,param{const txt=curPos},7->1
,,
Syntax Tree,output,
1,Attack->0,
Nodes,Type,output (Node -> Input)
0,operator{RgetR[]S},
1,param{ref[]:enemies},0->0
2,operator{SminIdS[]},0->1
3,operator{S[]distV[]V},2->0
4,operator{V[]getR[]T},3->0
5,operator{VgetRT},3->1
6,param{ref[]:enemies},4->0
7,param{const txt=curPos},4->1
8,param{ref:self},5->0
9,param{const txt=curPos},5->1
,,
Syntax Tree,output,
2,3,
Nodes,Type,output (Node -> Input)
0,operator{B>SS},
1,param{const scal=0},0->0
2,operator{SsizeR[]},0->1
3,param{ref[]:enemies},2->0
,,
Syntax Tree,output,
3,Goto->0,
Nodes,Type,output (Node -> Input)
0,operator{V[]aggV*},
1,operator{VgetRT},0->0
2,operator{RgetR[]S},1->0
3,param{const txt=curPos},1->1
4,param{ref[]:enemies},2->0
5,operator{SminIdS[]},2->1
6,operator{S[]distV[]V},5->0
7,operator{V[]getR[]T},6->0
8,operator{VgetRT},6->1
9,param{ref[]:enemies},7->0
10,param{const txt=curPos},7->1
11,param{ref:self},8->0
12,param{const txt=curPos},8->1
,,
Syntax Tree,output,
4,6,
Nodes,Type,output (Node -> Input)
0,operator{B>SS},
1,param{const scal=2},0->0
2,operator{SsizeR[]},0->1
3,operator{R[]where==R[]TT},2->0
4,param{ref[]:allies},3->0
5,param{const txt=cast},3->1
6,param{const txt=Warrior1},3->2
,,
Syntax Tree,output,
5,8,
Nodes,Type,output (Node -> Input)
0,operator{B>SS},
1,param{const scal=0},0->0
2,operator{SsizeR[]},0->1
3,operator{R[]where==R[]TC},2->0
4,param{ref[]:traces},3->0
5,param{const txt=color},3->1
6,param{const color=red},3->2
,,
Syntax Tree,output,
6,Back->0,
Nodes,Type,output (Node -> Input)
0,operator{V[]aggV*},
1,operator{VgetRT},0->0
2,param{ref:home},1->0
3,param{const txt=pos},1->1
,,
Syntax Tree,output,
7,Follow->0,
Nodes,Type,output (Node -> Input)
0,operator{V[]getRT},
1,operator{RgetR[]S},0->0
2,param{const txt=points},0->1
3,param{ref[]:traces},1->0
4,operator{SminIdS[]},1->1
5,operator{S[]getR[]T},4->0
6,operator{R[]where==R[]TC},5->0
7,param{const txt=age},5->1
8,param{ref[]:traces},6->0
9,param{const txt=color},6->1
10,param{const color=red},6->2