States,Name,Type
0,INIT,Init
1,Enemy in range,Inter
2,Enemy not in range,Inter
3,Ally in sight,Inter
4,Ally not in sight,Inter
5,Path to enemy base in sight,Inter
6,Path to enemy base not in sight,Inter
7,Attack,trigger{strike}
8,Follow,trigger{goto}
9,Back,trigger{goto}
,,
Transitions,Start State,End State
0,INIT,Enemy in range
1,INIT,Enemy not in range
2,Enemy in range,Attack
3,Enemy not in range,Ally in sight
4,Enemy not in range,Ally not in sight
5,Ally in sight,Path to enemy base in sight
6,Ally in sight,Path to enemy base not in sight
7,Ally not in sight,Back
8,Path to enemy base in sight,Follow
9,Path to enemy base not in sight,Back
,,
Syntax Tree,output,
0,0,
Nodes,Type,output (Node -> Input)
0,operator{B<SS},
1,operator{SgetRT},0->0
2,operator{SminValS[]},0->1
3,param{ref:self},1->0
4,param{const txt=atkRange},1->1
5,operator{S[]distV[]V},2->0
6,operator{V[]getR[]T},5->0
7,operator{VgetRT},5->1
8,param{ref[]:enemies},6->0
9,param{const txt=curPos},6->1
10,param{ref:self},7->0
11,param{const txt=curPos},7->1
,,
Syntax Tree,output,
1,Attack->0,
Nodes,Type,output (Node -> Input)
0,operator{RgetR[]S},
1,param{ref[]:enemies},0->0
2,operator{SminIdS[]},0->1
3,operator{S[]distV[]V},2->0
4,operator{V[]getR[]T},3->0
5,operator{VgetRT},3->1
6,param{ref[]:enemies},4->0
7,param{const txt=curPos},4->1
8,param{ref:self},5->0
9,param{const txt=curPos},5->1
,,
Syntax Tree,output,
2,3,
Nodes,Type,output (Node -> Input)
0,operator{B<SS},
1,param{const scal=2},0->0
2,operator{SsizeR[]},0->1
3,operator{R[]where==R[]TT},2->0
4,param{ref[]:allies},3->0
5,param{const txt=cast},3->1
6,param{const txt=Warrior2},3->2
,,
Syntax Tree,output,
3,5,
Nodes,Type,output (Node -> Input)
0,operator{B<SS},
1,param{const scal=0},0->0
2,operator{SsizeR[]},0->1
3,operator{R[]where==R[]TC},2->0
4,param{ref[]:traces},3->0
5,param{const txt=color},3->1
6,param{const color=red},3->2
,,
Syntax Tree,output,
4,Back->0,
Nodes,Type,output (Node -> Input)
0,operator{V[]aggV*},
1,operator{VgetRT},0->0
2,param{ref:home},1->0
3,param{const txt=pos},1->1
,,
Syntax Tree,output,
5,Follow->0,
Nodes,Type,output (Node -> Input)
0,operator{V[]getRT},
1,operator{RgetR[]S},0->0
2,param{const txt=points},0->1
3,param{ref[]:traces},1->0
4,operator{SminIdS[]},1->1
5,operator{S[]getR[]T},4->0
6,operator{R[]where==R[]TC},5->0
7,param{const txt=age},5->1
8,param{ref[]:traces},6->0
9,param{const txt=color},6->1
10,param{const color=red},6->2