States,Position
INIT, 0, 7, 0
First time, 7, 7, 0
Second time, 5, -1, 0
Third time, 0, -3, 0
Fourth time, -5, -1, 0
Fifth time, -7, 7, 0
Scout1G, 50, 7, 0
Scout1R, 40, -3, 0
Scout1B, 35, -13, 0
Scout2, -35, -13, 0
Guard, 25, -26, 0
Warrior1, -40, -3, 0
Warrior2, -50, 7, 0
MinerG, 10, -33, 0
MinerR, -10, -33, 0
MinerB, -25, -26, 0
,,
Actions,Position
Lay Scout1G, 50, 6, 0
Lay Scout1R, 40, -4, 0
Lay Scout1B, 30, -14, 0
Lay Scout2, -30, -14, 0
Lay Guard, 20, -24, 0
Lay Warrior1, -40, -4, 0
Lay Warrior2, -50, 6, 0
Lay MinerG, 10, -34, 0
Lay MinerR, -10, -34, 0
Lay MinerB, -20, -24, 0
,,
Operators,Position
timeLower_macro, 5, 7, 0
timeLower_macro, 1, 5, 0
timeLower_macro, -1, 3, 0
timeLower_macro, -3, 5, 0
populationLower_macro, -1, 8, 0
populationLower_macro, -1, 8, 0
populationLower_macro, -1, 8, 0
populationLower_macro, -1, 8, 0
populationLower_macro, -1, 8, 0
populationLower_macro, -1, 8, 0
populationLower_macro, -1, 8, 0
populationLower_macro, -1, 8, 0
populationLower_macro, -1, 8, 0
populationLower_macro, -1, 8, 0
populationLower_macro, -1, 8, 0
populationLower_macro, -1, 8, 0
populationLower_macro, -1, 8, 0
populationLower_macro, -1, 8, 0
populationLower_macro, -1, 8, 0
populationLower_macro, -1, 8, 0
populationLower_macro, -1, 8, 0
populationLower_macro, -1, 8, 0
populationLower_macro, -1, 8, 0
populationLower_macro, -1, 8, 0
populationLower_macro, -1, 8, 0
populationLower_macro, -1, 8, 0
populationLower_macro, -1, 8, 0
populationLower_macro, -1, 8, 0
populationLower_macro, -1, 8, 0
populationLower_macro, -1, 8, 0
populationLower_macro, -1, 8, 0
populationLower_macro, -1, 8, 0
populationLower_macro, -1, 8, 0
populationLower_macro, -1, 8, 0
populationLower_macro, -1, 8, 0
populationLower_macro, -1, 8, 0
populationLower_macro, -1, 8, 0
,,
Parameters,Position
const txt=Scout1G,50, 5, 0
const txt=Scout1R,40, -5, 0
const txt=Scout1B,30, -15, 0
const txt=Scout2,-30, -15, 0
const txt=Guard,20, -25, 0
const txt=Warrior1,-40, -5, 0
const txt=Warrior2,-50, 5, 0
const txt=MinerG,10, -35, 0
const txt=MinerR,-10, -35, 0
const txt=MinerB,-20, -25, 0
const scal=60,5, 6, 0
const scal=120,2, 5, 0
const scal=180,0, 3, 0
const scal=240,-4, 5, 0
const txt=Scout1G,2, 9, 0
const scal=1,3, 8, 0
const txt=Scout1R,-3, 9, 0
const scal=1,3, 8, 0
const txt=Scout1B,-3, 10, 0
const scal=1,3, 8, 0
const txt=MinerB,2, 10, 0
const scal=2,1, 8, 0
const txt=MinerR,1, 9, 0
const scal=2,1, 8, 0
const txt=MinerG,1, 10, 0
const scal=2,1, 8, 0
const txt=Guard,0, 10, 0
const scal=6,-5, 9, 0
const txt=Guard,0, 10, 0
const scal=9,-4, 8, 0
const txt=MinerG,1, 10, 0
const scal=3,3, 7, 0
const txt=MinerR,1, 9, 0
const scal=3,3, 7, 0
const txt=MinerB,2, 10, 0
const scal=3,2, 7, 0
const txt=Scout1G,2, 9, 0
const scal=1,3, 8, 0
const txt=Scout1R,-3, 9, 0
const scal=1,3, 8, 0
const txt=Scout1B,-3, 10, 0
const scal=1,3, 8, 0
const txt=Scout2,-1, 10, 0
const scal=3,3, 7, 0
const txt=Warrior1,-1, 9, 0
const scal=3,2, 7, 0
const txt=MinerR,1, 9, 0
const scal=3,2, 7, 0
const txt=MinerG,1, 10, 0
const scal=3,3, 7, 0
const txt=MinerB,2, 10, 0
const scal=3,3, 7, 0
const txt=Guard,0, 10, 0
const scal=9,-4, 8, 0
const txt=MinerR,1, 9, 0
const scal=4,2, 8, 0
const txt=MinerG,1, 10, 0
const scal=4,2, 8, 0
const txt=MinerB,2, 10, 0
const scal=4,2, 8, 0
const txt=Warrior1,-1, 9, 0
const scal=6,-5, 9, 0
const txt=Warrior2,-2, 10, 0
const scal=3,3, 9, 0
const txt=Guard,0, 10, 0
const scal=9,-4, 8, 0
const txt=Scout2,-1, 10, 0
const scal=3,3, 7, 0
const txt=Warrior1,-1, 9, 0
const scal=12,-4, 7, 0
const txt=Warrior2,-2, 10, 0
const scal=6,-4, 9, 0
const txt=MinerR,1, 9, 0
const scal=4,2, 8, 0
const txt=MinerG,1, 10, 0
const scal=4,2, 8, 0
const txt=MinerB,2, 10, 0
const scal=4,2, 8, 0
const txt=Guard,0, 10, 0
const scal=9,-4, 8, 0
