States,Position
INIT, -1, 5, 0
Enemy base in sight, -4, 2, 0
Enemy base not in sight, 2, 2, 0
,,
Actions,Position
Trace, -4, 0, 0
Set rand, 0, -1, 0
Goto, 4, -1, 0
,,
Operators,Position
V[]aggV*, -3, -1, 0
VgetRT, -2, -2, 0
VgetRT, -4, -2, 0
enemyPrysme_macro, -4, -3, 0
V[]aggV*, 0, -2, 0
VrandCircleVS, 0, -3, 0
VgetRT, -1, -3, 0
V[]aggV*, 4, -2, 0
VgetRT, 4, -3, 0
somethingInSight_macro, -3, 4, 0
enemyPrysme_macro, -4, 5, 0
B==VV, 0, 1, 0
VgetRT, 0, 2, 0
VgetRT, -1, 1, 0
,,
Parameters,Position
const color=Red,-5, -1, 0
ref:home,-2, -3, 0
const txt=pos,-3, -3, 0
const txt=curPos,-5, -3, 0
ref:self,-1, -2, 0
const txt=curPos,-1, -4, 0
const scal=5,1, -3, 0
ref:self,3, -3, 0
const txt=trgPos,5, -3, 0
ref:self,1, 2, 0
const txt=curPos,0, 3, 0
ref:self,-1, 0, 0
const txt=trgPos,-2, 1, 0
