States,Position
INIT, 1, 5, 0
Goto random, 4, 2, 0
Path to resource not in sight, -2, 2, 0
,,
Actions,Position
Trace, -2, -2, 0
Set rand, 6, -2, 0
Goto, 2, -2, 0
,,
Operators,Position
V[]aggV*, -1, -3, 0
VgetRT, -2, -4, 0
VgetRT, 0, -4, 0
getClosestResource_macro, -1, -5, 0
V[]aggV*, 6, -3, 0
VrandCircleVS, 6, -4, 0
VgetRT, 7, -4, 0
V[]aggV*, 2, -3, 0
VgetRT, 2, -4, 0
somethingInSight_macro, 3, 4, 0
traceColor_macro, 4, 5, 0
B==VV, 7, 1, 0
VgetRT, 7, 2, 0
VgetRT, 8, 1, 0
somethingInSight_macro, -3, 0, 0
resourcesColor_macro, -4, 0, 0
,,
Parameters,Position
const color=Blue,-3, -3, 0
ref:home,-3, -5, 0
const txt=pos,-2, -5, 0
const color=Blue,-1, -6, 0
const txt=pos,0, -5, 0
ref:self,8, -4, 0
const txt=curPos,7, -5, 0
const scal=5,5, -4, 0
ref:self,1, -4, 0
const txt=trgPos,3, -4, 0
const color=Blue,5, 6, 0
ref:self,6, 2, 0
const txt=curPos,7, 3, 0
ref:self,8, 0, 0
const txt=trgPos,9, 1, 0
const color=Blue,-5, 0, 0
